{
    "Eg": 1.42,
    "Ae": 5.35399e7,
    "Be": 1.48331e-11,
    "Ah": 1.13786e6,
    "Bh": 2.37672e-12,
    "me": 6.1037e-29,
    "mh": 4.0995e-28
}