{
    "Eg": 0.65,
    "Ae": 1.86969e7,
    "Be": 3.05712e-11,
    "Ah": 8.02447e6,
    "Bh": 2.13096e-11,
    "me": 5.0105e-28,
    "mh": 3.3707e-28
}