{
    "Eg": 1.12,
    "Ae": 5.23615e6,
    "Be": 3.12909e-12,
    "Ah": 2.49422e6,
    "Bh": 2.22082e-12,
    "me": 9.8388e-28,
    "mh": 5.1016e-28
}